<?xml version="1.0" encoding="utf-8"?>
<Model ModelName="*******OneZero Collateral" RetryPeriod="15" xmlns="http://www.abide-financial.com/gaspode/model">
  <InputFile>
    <Csv FileName="Collateral" HasHeaderRecord="true" ValidateColumnNames="false" Delimiter=",">
      <Pattern>
        <RegexLast Pattern="In/.*.csv" Replacement="" />
      </Pattern>
      <Fields>
        <Field FieldID="Record_Date" FieldName="" />
        <Field FieldID="Generation_Timestamp" FieldName="" />
        <Field FieldID="Other_Counterparty_id" FieldName="" />
        <Field FieldID="Account_Balance" FieldName="" />
        <Field FieldID="Account_Unrealised_PNL" FieldName="" />
        <Field FieldID="Account_Equity" FieldName="" />
        <Field FieldID="Account_Margin_Requirement" FieldName="" />
        <Field FieldID="Account_Free_Margin" FieldName="" />
        <Field FieldID="Account_Credit" FieldName="" />
        <Field FieldID="Account_Deposit_Currency" FieldName="" />
        <Field FieldID="Account_Deposit_Withdrawal" FieldName="" />
      </Fields>
    </Csv>
    <Variables />
    <Mappings Name="Mappings 1">
      <Mapping OutputFieldName="Report Type"><![CDATA[""]]></Mapping>
      <Mapping OutputFieldName="Reporting Counterparty ID"><![CDATA["54930075PLHVMW23AQ78"]]></Mapping>
      <Mapping OutputFieldName="Type of ID of the other Counterparty"><![CDATA["C"]]></Mapping>
      <Mapping OutputFieldName="ID of the other counterparty "><![CDATA["dummycollateralcode"]]></Mapping>
      <Mapping OutputFieldName=" Country of the other counterparty"><![CDATA[""]]></Mapping>
      <Mapping OutputFieldName="Corporate sector of the reporting counterparty"><![CDATA[""]]></Mapping>
      <Mapping OutputFieldName="Nature of the reporting counterparty"><![CDATA[""]]></Mapping>
      <Mapping OutputFieldName="Broker ID"><![CDATA[""]]></Mapping>
      <Mapping OutputFieldName="Clearing member ID"><![CDATA[""]]></Mapping>
      <Mapping OutputFieldName="Type of ID of the Beneficiary"><![CDATA[""]]></Mapping>
      <Mapping OutputFieldName="Beneficiary ID"><![CDATA[""]]></Mapping>
      <Mapping OutputFieldName="Trading capacity"><![CDATA[""]]></Mapping>
      <Mapping OutputFieldName="Counterparty Side"><![CDATA[""]]></Mapping>
      <Mapping OutputFieldName="Directly linked to commercial activity or treasury financing"><![CDATA[""]]></Mapping>
      <Mapping OutputFieldName="Clearing threshold"><![CDATA[""]]></Mapping>
      <Mapping OutputFieldName="Value of contract"><![CDATA[""]]></Mapping>
      <Mapping OutputFieldName="Currency of the value"><![CDATA[""]]></Mapping>
      <Mapping OutputFieldName="Valuation timestamp"><![CDATA[Current ["Generation_Timestamp"].Substring(0,19)]]></Mapping>
      <Mapping OutputFieldName="Valuation type"><![CDATA[""]]></Mapping>
      <Mapping OutputFieldName="Collateralisation"><![CDATA[""]]></Mapping>
      <Mapping OutputFieldName="Collateral portfolio"><![CDATA[""]]></Mapping>
      <Mapping OutputFieldName="Collateral portfolio code"><![CDATA[Current ["Record_Date"].Substring(0,10) + Current ["Other_Counterparty_id"]]]></Mapping>
      <Mapping OutputFieldName="Initial margin posted"><![CDATA[if (Current ["Account_Margin_Requirement"].AsDecimal() <=1)
"";
Else
Current ["Account_Margin_Requirement"];]]></Mapping>
      <Mapping OutputFieldName="Currency of initial margin posted"><![CDATA[if (Current ["Account_Margin_Requirement"].AsDecimal() <=1)
"";
Else
"USD";]]></Mapping>
      <Mapping OutputFieldName="Variation margin posted"><![CDATA[""]]></Mapping>
      <Mapping OutputFieldName="Currency of the variation margins posted"><![CDATA[""]]></Mapping>
      <Mapping OutputFieldName="Initial margin received"><![CDATA[if (Current ["Account_Deposit_Withdrawal"].AsDecimal() <=1)
"";
Else
Current ["Account_Deposit_Withdrawal"];]]></Mapping>
      <Mapping OutputFieldName="Currency of the initial margin received"><![CDATA[if (Current ["Account_Deposit_Withdrawal"].AsDecimal() <=1)
"";
Else
"USD";]]></Mapping>
      <Mapping OutputFieldName="Variation margin received"><![CDATA[""]]></Mapping>
      <Mapping OutputFieldName="Currency of the variation margins received"><![CDATA[""]]></Mapping>
      <Mapping OutputFieldName="Excess collateral posted"><![CDATA[""]]></Mapping>
      <Mapping OutputFieldName="Currency of the excess collateral posted"><![CDATA[""]]></Mapping>
      <Mapping OutputFieldName="Excess collateral received"><![CDATA[""]]></Mapping>
      <Mapping OutputFieldName="Currency of the excess collateral received"><![CDATA[""]]></Mapping>
      <Mapping OutputFieldName="Contract type"><![CDATA[""]]></Mapping>
      <Mapping OutputFieldName="Asset class"><![CDATA[""]]></Mapping>
      <Mapping OutputFieldName="Product classification type"><![CDATA[""]]></Mapping>
      <Mapping OutputFieldName="Product classification"><![CDATA[""]]></Mapping>
      <Mapping OutputFieldName="Product identification type"><![CDATA[""]]></Mapping>
      <Mapping OutputFieldName="Product identification"><![CDATA[""]]></Mapping>
      <Mapping OutputFieldName="Underlying identification type"><![CDATA[""]]></Mapping>
      <Mapping OutputFieldName="Underlying identification"><![CDATA[""]]></Mapping>
      <Mapping OutputFieldName="Notional currency 1"><![CDATA[""]]></Mapping>
      <Mapping OutputFieldName="Notional currency 2"><![CDATA[""]]></Mapping>
      <Mapping OutputFieldName="Deliverable currency"><![CDATA[""]]></Mapping>
      <Mapping OutputFieldName="Trade ID/Position ID"><![CDATA[""]]></Mapping>
      <Mapping OutputFieldName="Report tracking number"><![CDATA[""]]></Mapping>
      <Mapping OutputFieldName="Complex trade component ID"><![CDATA[""]]></Mapping>
      <Mapping OutputFieldName="Venue of execution"><![CDATA[""]]></Mapping>
      <Mapping OutputFieldName="Compression"><![CDATA[""]]></Mapping>
      <Mapping OutputFieldName="Price / rate"><![CDATA[""]]></Mapping>
      <Mapping OutputFieldName="Price notation"><![CDATA[""]]></Mapping>
      <Mapping OutputFieldName="Currency of price"><![CDATA[""]]></Mapping>
      <Mapping OutputFieldName="Notional"><![CDATA[""]]></Mapping>
      <Mapping OutputFieldName="Price multiplier"><![CDATA[""]]></Mapping>
      <Mapping OutputFieldName="Quantity"><![CDATA[""]]></Mapping>
      <Mapping OutputFieldName="Up-front payment"><![CDATA[""]]></Mapping>
      <Mapping OutputFieldName="Delivery type"><![CDATA[""]]></Mapping>
      <Mapping OutputFieldName="Execution timestamp"><![CDATA[""]]></Mapping>
      <Mapping OutputFieldName="Effective date"><![CDATA[""]]></Mapping>
      <Mapping OutputFieldName="Maturity date"><![CDATA[""]]></Mapping>
      <Mapping OutputFieldName="Termination date"><![CDATA[""]]></Mapping>
      <Mapping OutputFieldName="Date of Settlement"><![CDATA[""]]></Mapping>
      <Mapping OutputFieldName="Master Agreement type"><![CDATA[""]]></Mapping>
      <Mapping OutputFieldName="Master Agreement version"><![CDATA[""]]></Mapping>
      <Mapping OutputFieldName="Confirmation timestamp"><![CDATA[""]]></Mapping>
      <Mapping OutputFieldName="Confirmation means"><![CDATA[""]]></Mapping>
      <Mapping OutputFieldName="Clearing obligation"><![CDATA[""]]></Mapping>
      <Mapping OutputFieldName="Cleared"><![CDATA[""]]></Mapping>
      <Mapping OutputFieldName="Clearing timestamp"><![CDATA[""]]></Mapping>
      <Mapping OutputFieldName="CCP"><![CDATA[""]]></Mapping>
      <Mapping OutputFieldName="Intragroup"><![CDATA[""]]></Mapping>
      <Mapping OutputFieldName="Fixed rate of leg 1"><![CDATA[""]]></Mapping>
      <Mapping OutputFieldName="Fixed rate of leg 2"><![CDATA[""]]></Mapping>
      <Mapping OutputFieldName="Fixed rate day count leg 1"><![CDATA[""]]></Mapping>
      <Mapping OutputFieldName="Fixed rate day count leg 2"><![CDATA[""]]></Mapping>
      <Mapping OutputFieldName="Fixed rate payment- frequency leg 1- time period"><![CDATA[""]]></Mapping>
      <Mapping OutputFieldName="Fixed rate payment- frequency leg 1- multiplier"><![CDATA[""]]></Mapping>
      <Mapping OutputFieldName="Fixed rate payment- frequency leg 2- time period"><![CDATA[""]]></Mapping>
      <Mapping OutputFieldName="Fixed rate payment- frequency leg 2- multiplier"><![CDATA[""]]></Mapping>
      <Mapping OutputFieldName="Floating rate payment frequency leg 1- time period"><![CDATA[""]]></Mapping>
      <Mapping OutputFieldName="Floating rate payment frequency leg 1- multiplier"><![CDATA[""]]></Mapping>
      <Mapping OutputFieldName="Floating rate payment frequency leg 2- time period"><![CDATA[""]]></Mapping>
      <Mapping OutputFieldName="Floating rate payment frequency leg 2- multiplier"><![CDATA[""]]></Mapping>
      <Mapping OutputFieldName="Floating rate reset frequency leg 1- time period"><![CDATA[""]]></Mapping>
      <Mapping OutputFieldName="Floating Rate Reset Frequency leg 1- multiplier"><![CDATA[""]]></Mapping>
      <Mapping OutputFieldName="Floating rate reset frequency leg 2- time period"><![CDATA[""]]></Mapping>
      <Mapping OutputFieldName="Floating Rate Reset Frequency leg 2- multiplier"><![CDATA[""]]></Mapping>
      <Mapping OutputFieldName="Floating rate of leg 1"><![CDATA[""]]></Mapping>
      <Mapping OutputFieldName="Floating rate reference period leg 1- time period"><![CDATA[""]]></Mapping>
      <Mapping OutputFieldName="Floating rate reference period leg 1- multiplier"><![CDATA[""]]></Mapping>
      <Mapping OutputFieldName="Floating rate of leg 2"><![CDATA[""]]></Mapping>
      <Mapping OutputFieldName="Floating rate reference period leg 2- time period"><![CDATA[""]]></Mapping>
      <Mapping OutputFieldName="Floating rate reference period leg 2- multiplier"><![CDATA[""]]></Mapping>
      <Mapping OutputFieldName="Delivery currency 2"><![CDATA[""]]></Mapping>
      <Mapping OutputFieldName="Exchange rate 1"><![CDATA[""]]></Mapping>
      <Mapping OutputFieldName="Forward exchange rate"><![CDATA[""]]></Mapping>
      <Mapping OutputFieldName="Exchange rate basis"><![CDATA[""]]></Mapping>
      <Mapping OutputFieldName="Commodity base"><![CDATA[""]]></Mapping>
      <Mapping OutputFieldName="Commodity Details"><![CDATA[""]]></Mapping>
      <Mapping OutputFieldName="Delivery point or zone"><![CDATA[""]]></Mapping>
      <Mapping OutputFieldName="Interconnection Point"><![CDATA[""]]></Mapping>
      <Mapping OutputFieldName="Load type"><![CDATA[""]]></Mapping>
      <Mapping OutputFieldName="Load delivery intervals"><![CDATA[""]]></Mapping>
      <Mapping OutputFieldName="Delivery start date and time"><![CDATA[""]]></Mapping>
      <Mapping OutputFieldName="Delivery end date and time"><![CDATA[""]]></Mapping>
      <Mapping OutputFieldName="Duration "><![CDATA[""]]></Mapping>
      <Mapping OutputFieldName="Days of the week"><![CDATA[""]]></Mapping>
      <Mapping OutputFieldName="Delivery Capacity"><![CDATA[""]]></Mapping>
      <Mapping OutputFieldName="Quantity Unit"><![CDATA[""]]></Mapping>
      <Mapping OutputFieldName="Price/time interval quantities"><![CDATA[""]]></Mapping>
      <Mapping OutputFieldName="Option type"><![CDATA[""]]></Mapping>
      <Mapping OutputFieldName="Option style (exercise)"><![CDATA[""]]></Mapping>
      <Mapping OutputFieldName="Strike price (cap/floor rate)"><![CDATA[""]]></Mapping>
      <Mapping OutputFieldName="Strike price notation"><![CDATA[""]]></Mapping>
      <Mapping OutputFieldName="Maturity date of the underlying"><![CDATA[""]]></Mapping>
      <Mapping OutputFieldName="Seniority"><![CDATA[""]]></Mapping>
      <Mapping OutputFieldName="Reference entity"><![CDATA[""]]></Mapping>
      <Mapping OutputFieldName="Frequency of payment"><![CDATA[""]]></Mapping>
      <Mapping OutputFieldName="The calculation basis"><![CDATA[""]]></Mapping>
      <Mapping OutputFieldName="Series"><![CDATA[""]]></Mapping>
      <Mapping OutputFieldName="Version"><![CDATA[""]]></Mapping>
      <Mapping OutputFieldName="Index factor"><![CDATA[""]]></Mapping>
      <Mapping OutputFieldName="Tranche"><![CDATA[""]]></Mapping>
      <Mapping OutputFieldName="Attachment point"><![CDATA[""]]></Mapping>
      <Mapping OutputFieldName="Detachment point"><![CDATA[""]]></Mapping>
      <Mapping OutputFieldName="Action type"><![CDATA["K"]]></Mapping>
      <Mapping OutputFieldName="Level"><![CDATA[""]]></Mapping>
      <Mapping OutputFieldName="Transaction Type"><![CDATA[""]]></Mapping>
      <Mapping OutputFieldName="Lifecycle event"><![CDATA[""]]></Mapping>
    </Mappings>
  </InputFile>
  <OutputFile>
    <Csv FileName="Output" HasHeaderRecord="true" ValidateColumnNames="false" Delimiter=",">
      <Pattern>
        <RegexFirst Pattern="In/.*.csv" Replacement="Out/OneZero_EMIR2='yyyyMMdd_HHmmss'_0001.csv" />
      </Pattern>
      <Fields>
        <Field FieldID="Report Type" FieldName="Abide_1" />
        <Field FieldID="Reporting Counterparty ID" FieldName="CPTY_2" />
        <Field FieldID="Type of ID of the other Counterparty" FieldName="CPTY_3" />
        <Field FieldID="ID of the other counterparty " FieldName="CPTY_4" />
        <Field FieldID=" Country of the other counterparty" FieldName="CPTY_5" />
        <Field FieldID="Corporate sector of the reporting counterparty" FieldName="CPTY_6" />
        <Field FieldID="Nature of the reporting counterparty" FieldName="CPTY_7" />
        <Field FieldID="Broker ID" FieldName="CPTY_8" />
        <Field FieldID="Clearing member ID" FieldName="CPTY_10" />
        <Field FieldID="Type of ID of the Beneficiary" FieldName="CPTY_11" />
        <Field FieldID="Beneficiary ID" FieldName="CPTY_12" />
        <Field FieldID="Trading capacity" FieldName="CPTY_13" />
        <Field FieldID="Counterparty Side" FieldName="CPTY_14" />
        <Field FieldID="Directly linked to commercial activity or treasury financing" FieldName="CPTY_15" />
        <Field FieldID="Clearing threshold" FieldName="CPTY_16" />
        <Field FieldID="Value of contract" FieldName="CPTY_17" />
        <Field FieldID="Currency of the value" FieldName="CPTY_18" />
        <Field FieldID="Valuation timestamp" FieldName="CPTY_19" />
        <Field FieldID="Valuation type" FieldName="CPTY_20" />
        <Field FieldID="Collateralisation" FieldName="CPTY_21" />
        <Field FieldID="Collateral portfolio" FieldName="CPTY_22" />
        <Field FieldID="Collateral portfolio code" FieldName="CPTY_23" />
        <Field FieldID="Initial margin posted" FieldName="CPTY_24" />
        <Field FieldID="Currency of initial margin posted" FieldName="CPTY_25" />
        <Field FieldID="Variation margin posted" FieldName="CPTY_26" />
        <Field FieldID="Currency of the variation margins posted" FieldName="CPTY_27" />
        <Field FieldID="Initial margin received" FieldName="CPTY_28" />
        <Field FieldID="Currency of the initial margin received" FieldName="CPTY_29" />
        <Field FieldID="Variation margin received" FieldName="CPTY_30" />
        <Field FieldID="Currency of the variation margins received" FieldName="CPTY_31" />
        <Field FieldID="Excess collateral posted" FieldName="CPTY_32" />
        <Field FieldID="Currency of the excess collateral posted" FieldName="CPTY_33" />
        <Field FieldID="Excess collateral received" FieldName="CPTY_34" />
        <Field FieldID="Currency of the excess collateral received" FieldName="CPTY_35" />
        <Field FieldID="Contract type" FieldName="COMMON_1" />
        <Field FieldID="Asset class" FieldName="COMMON_2" />
        <Field FieldID="Product classification type" FieldName="COMMON_3" />
        <Field FieldID="Product classification" FieldName="COMMON_4" />
        <Field FieldID="Product identification type" FieldName="COMMON_5" />
        <Field FieldID="Product identification" FieldName="COMMON_6" />
        <Field FieldID="Underlying identification type" FieldName="COMMON_7" />
        <Field FieldID="Underlying identification" FieldName="COMMON_8" />
        <Field FieldID="Notional currency 1" FieldName="COMMON_9" />
        <Field FieldID="Notional currency 2" FieldName="COMMON_10" />
        <Field FieldID="Deliverable currency" FieldName="COMMON_11" />
        <Field FieldID="Trade ID/Position ID" FieldName="COMMON_12" />
        <Field FieldID="Report tracking number" FieldName="COMMON_13" />
        <Field FieldID="Complex trade component ID" FieldName="COMMON_14" />
        <Field FieldID="Venue of execution" FieldName="COMMON_15" />
        <Field FieldID="Compression" FieldName="COMMON_16" />
        <Field FieldID="Price / rate" FieldName="COMMON_17" />
        <Field FieldID="Price notation" FieldName="COMMON_18" />
        <Field FieldID="Currency of price" FieldName="COMMON_19" />
        <Field FieldID="Notional" FieldName="COMMON_20" />
        <Field FieldID="Price multiplier" FieldName="COMMON_21" />
        <Field FieldID="Quantity" FieldName="COMMON_22" />
        <Field FieldID="Up-front payment" FieldName="COMMON_23" />
        <Field FieldID="Delivery type" FieldName="COMMON_24" />
        <Field FieldID="Execution timestamp" FieldName="COMMON_25" />
        <Field FieldID="Effective date" FieldName="COMMON_26" />
        <Field FieldID="Maturity date" FieldName="COMMON_27" />
        <Field FieldID="Termination date" FieldName="COMMON_28" />
        <Field FieldID="Date of Settlement" FieldName="COMMON_29" />
        <Field FieldID="Master Agreement type" FieldName="COMMON_30" />
        <Field FieldID="Master Agreement version" FieldName="COMMON_31" />
        <Field FieldID="Confirmation timestamp" FieldName="COMMON_32" />
        <Field FieldID="Confirmation means" FieldName="COMMON_33" />
        <Field FieldID="Clearing obligation" FieldName="COMMON_34" />
        <Field FieldID="Cleared" FieldName="COMMON_35" />
        <Field FieldID="Clearing timestamp" FieldName="COMMON_36" />
        <Field FieldID="CCP" FieldName="COMMON_37" />
        <Field FieldID="Intragroup" FieldName="COMMON_38" />
        <Field FieldID="Fixed rate of leg 1" FieldName="COMMON_39" />
        <Field FieldID="Fixed rate of leg 2" FieldName="COMMON_40" />
        <Field FieldID="Fixed rate day count leg 1" FieldName="COMMON_41" />
        <Field FieldID="Fixed rate day count leg 2" FieldName="COMMON_42" />
        <Field FieldID="Fixed rate payment- frequency leg 1- time period" FieldName="COMMON_43" />
        <Field FieldID="Fixed rate payment- frequency leg 1- multiplier" FieldName="COMMON_44" />
        <Field FieldID="Fixed rate payment- frequency leg 2- time period" FieldName="COMMON_45" />
        <Field FieldID="Fixed rate payment- frequency leg 2- multiplier" FieldName="COMMON_46" />
        <Field FieldID="Floating rate payment frequency leg 1- time period" FieldName="COMMON_47" />
        <Field FieldID="Floating rate payment frequency leg 1- multiplier" FieldName="COMMON_48" />
        <Field FieldID="Floating rate payment frequency leg 2- time period" FieldName="COMMON_49" />
        <Field FieldID="Floating rate payment frequency leg 2- multiplier" FieldName="COMMON_50" />
        <Field FieldID="Floating rate reset frequency leg 1- time period" FieldName="COMMON_51" />
        <Field FieldID="Floating Rate Reset Frequency leg 1- multiplier" FieldName="COMMON_52" />
        <Field FieldID="Floating rate reset frequency leg 2- time period" FieldName="COMMON_53" />
        <Field FieldID="Floating Rate Reset Frequency leg 2- multiplier" FieldName="COMMON_54" />
        <Field FieldID="Floating rate of leg 1" FieldName="COMMON_55" />
        <Field FieldID="Floating rate reference period leg 1- time period" FieldName="COMMON_56" />
        <Field FieldID="Floating rate reference period leg 1- multiplier" FieldName="COMMON_57" />
        <Field FieldID="Floating rate of leg 2" FieldName="COMMON_58" />
        <Field FieldID="Floating rate reference period leg 2- time period" FieldName="COMMON_59" />
        <Field FieldID="Floating rate reference period leg 2- multiplier" FieldName="COMMON_60" />
        <Field FieldID="Delivery currency 2" FieldName="COMMON_61" />
        <Field FieldID="Exchange rate 1" FieldName="COMMON_62" />
        <Field FieldID="Forward exchange rate" FieldName="COMMON_63" />
        <Field FieldID="Exchange rate basis" FieldName="COMMON_64" />
        <Field FieldID="Commodity base" FieldName="COMMON_65" />
        <Field FieldID="Commodity Details" FieldName="COMMON_66" />
        <Field FieldID="Delivery point or zone" FieldName="COMMON_67" />
        <Field FieldID="Interconnection Point" FieldName="COMMON_68" />
        <Field FieldID="Load type" FieldName="COMMON_69" />
        <Field FieldID="Load delivery intervals" FieldName="COMMON_70" />
        <Field FieldID="Delivery start date and time" FieldName="COMMON_71" />
        <Field FieldID="Delivery end date and time" FieldName="COMMON_72" />
        <Field FieldID="Duration " FieldName="COMMON_73" />
        <Field FieldID="Days of the week" FieldName="COMMON_74" />
        <Field FieldID="Delivery Capacity" FieldName="COMMON_75" />
        <Field FieldID="Quantity Unit" FieldName="COMMON_76" />
        <Field FieldID="Price/time interval quantities" FieldName="COMMON_77" />
        <Field FieldID="Option type" FieldName="COMMON_78" />
        <Field FieldID="Option style (exercise)" FieldName="COMMON_79" />
        <Field FieldID="Strike price (cap/floor rate)" FieldName="COMMON_80" />
        <Field FieldID="Strike price notation" FieldName="COMMON_81" />
        <Field FieldID="Maturity date of the underlying" FieldName="COMMON_82" />
        <Field FieldID="Seniority" FieldName="COMMON_83" />
        <Field FieldID="Reference entity" FieldName="COMMON_84" />
        <Field FieldID="Frequency of payment" FieldName="COMMON_85" />
        <Field FieldID="The calculation basis" FieldName="COMMON_86" />
        <Field FieldID="Series" FieldName="COMMON_87" />
        <Field FieldID="Version" FieldName="COMMON_88" />
        <Field FieldID="Index factor" FieldName="COMMON_89" />
        <Field FieldID="Tranche" FieldName="COMMON_90" />
        <Field FieldID="Attachment point" FieldName="COMMON_91" />
        <Field FieldID="Detachment point" FieldName="COMMON_92" />
        <Field FieldID="Action type" FieldName="COMMON_93" />
        <Field FieldID="Level" FieldName="COMMON_94" />
        <Field FieldID="Transaction Type" FieldName="Abide_2" />
        <Field FieldID="Lifecycle event" FieldName="Abide_3" />
      </Fields>
    </Csv>
  </OutputFile>
</Model>