<?xml version="1.0" encoding="utf-8"?>
<Model ModelName="*******OneZero Trades" RetryPeriod="15" xmlns="http://www.abide-financial.com/gaspode/model">
  <InputFile>
    <Csv FileName="Trades" HasHeaderRecord="true" ValidateColumnNames="false" Delimiter=",">
      <Pattern>
        <RegexLast Pattern="In/OneZero_EMIR1.*.csv" Replacement="" />
      </Pattern>
      <Fields>
        <Field FieldID="Report_Type" FieldName="" />
        <Field FieldID="Sequence_Number" FieldName="" />
        <Field FieldID="Counterparty_ID_Type" FieldName="" />
        <Field FieldID="Counterparty_ID" FieldName="" />
        <Field FieldID="Other_Counterparty_ID_Type" FieldName="" />
        <Field FieldID="Other_Counterparty_ID" FieldName="" />
        <Field FieldID="Name_Of_Counterparty" FieldName="" />
        <Field FieldID="Domicile_Of_Counterparty" FieldName="" />
        <Field FieldID="Country_Of_Counterparty" FieldName="" />
        <Field FieldID="Corporate_Sector_Of_Counterparty" FieldName="" />
        <Field FieldID="Nature_Of_Counterparty" FieldName="" />
        <Field FieldID="Broker_ID_Type" FieldName="" />
        <Field FieldID="Broker_ID" FieldName="" />
        <Field FieldID="Reporting_Entity_ID_Type" FieldName="" />
        <Field FieldID="Reporting_Entity_ID" FieldName="" />
        <Field FieldID="Clearing_Member_ID_Type" FieldName="" />
        <Field FieldID="Clearing_Member_ID" FieldName="" />
        <Field FieldID="Beneficiary_ID_Type" FieldName="" />
        <Field FieldID="Beneficiary_ID" FieldName="" />
        <Field FieldID="Trading_Capacity" FieldName="" />
        <Field FieldID="Counterparty_Side" FieldName="" />
        <Field FieldID="Contract_With_Non_EEA_Counterparty" FieldName="" />
        <Field FieldID="Directly_Linked_To_Commercial_Activity" FieldName="" />
        <Field FieldID="Clearing_Threshold" FieldName="" />
        <Field FieldID="Mark_To_Market_Value_Of_Contract" FieldName="" />
        <Field FieldID="Currency_Of_Mark_To_Market_Value_Of_Contract" FieldName="" />
        <Field FieldID="Valuation_Date" FieldName="" />
        <Field FieldID="Valuation_Time" FieldName="" />
        <Field FieldID="Valuation_Type" FieldName="" />
        <Field FieldID="Collateralisation" FieldName="" />
        <Field FieldID="Collateral_Portfolio" FieldName="" />
        <Field FieldID="Collateral_Portfolio_Code" FieldName="" />
        <Field FieldID="Value_Of_Collateral" FieldName="" />
        <Field FieldID="Currency_Of_Collateral_Value" FieldName="" />
        <Field FieldID="Taxonomy_Used" FieldName="" />
        <Field FieldID="Product_ID_1" FieldName="" />
        <Field FieldID="Product_ID_2" FieldName="" />
        <Field FieldID="Underlying_ID_Type" FieldName="" />
        <Field FieldID="Underlying" FieldName="" />
        <Field FieldID="Country_Of_Underlying" FieldName="" />
        <Field FieldID="Notional_Currency_1" FieldName="" />
        <Field FieldID="Notional_Currency_2" FieldName="" />
        <Field FieldID="Deliverable_Currency" FieldName="" />
        <Field FieldID="Deliverable_Currency2" FieldName="" />
        <Field FieldID="Trade_ID" FieldName="" />
        <Field FieldID="Message_ID" FieldName="" />
        <Field FieldID="Record_ID" FieldName="" />
        <Field FieldID="Venue_Of_Execution" FieldName="" />
        <Field FieldID="Compression" FieldName="" />
        <Field FieldID="Price_Rate" FieldName="" />
        <Field FieldID="Price_Notation" FieldName="" />
        <Field FieldID="Notional_Amount" FieldName="" />
        <Field FieldID="Price_Multiplier" FieldName="" />
        <Field FieldID="Quantity" FieldName="" />
        <Field FieldID="Upfront_Payment" FieldName="" />
        <Field FieldID="Delivery_Type" FieldName="" />
        <Field FieldID="Execution_Date" FieldName="" />
        <Field FieldID="Execution_Time" FieldName="" />
        <Field FieldID="Effective_Date" FieldName="" />
        <Field FieldID="Maturity_Date" FieldName="" />
        <Field FieldID="Termination_Date" FieldName="" />
        <Field FieldID="Date_Of_Settlement" FieldName="" />
        <Field FieldID="Master_Agreement_Type" FieldName="" />
        <Field FieldID="Master_Agreement_Version" FieldName="" />
        <Field FieldID="Confirmation_Date" FieldName="" />
        <Field FieldID="Confirmation_Time" FieldName="" />
        <Field FieldID="Confirmation_Means" FieldName="" />
        <Field FieldID="Clearing_Obligation" FieldName="" />
        <Field FieldID="Cleared" FieldName="" />
        <Field FieldID="Clearing_Date" FieldName="" />
        <Field FieldID="Clearing_Time" FieldName="" />
        <Field FieldID="CCP_ID_Type" FieldName="" />
        <Field FieldID="CCP" FieldName="" />
        <Field FieldID="Intragroup" FieldName="" />
        <Field FieldID="Fixed_Rate_of_leg1" FieldName="" />
        <Field FieldID="Fixed_Rate_of_leg2" FieldName="" />
        <Field FieldID="Fixed_Rate_Day_Count" FieldName="" />
        <Field FieldID="Fixed_Rate_Day_Count2" FieldName="" />
        <Field FieldID="Fixed_Leg_payment_Frequency" FieldName="" />
        <Field FieldID="Fixed_Leg_Payment_Frequency2" FieldName="" />
        <Field FieldID="Floating_Rate_Payment_Frequency" FieldName="" />
        <Field FieldID="Floating_Rate_Payment_Frequency2" FieldName="" />
        <Field FieldID="Floating_Rate_Reset_Frequency" FieldName="" />
        <Field FieldID="Floating_Rate_Reset_Frequency2" FieldName="" />
        <Field FieldID="Floating_Rate_Day_Count" FieldName="" />
        <Field FieldID="Floating_Rate_Day_Count2" FieldName="" />
        <Field FieldID="Floating_Rate_Of_Leg1" FieldName="" />
        <Field FieldID="Floating_Rate_Of_Leg2" FieldName="" />
        <Field FieldID="Currency_2" FieldName="" />
        <Field FieldID="Exchange_Rate1" FieldName="" />
        <Field FieldID="Forward_Exchange_Rate" FieldName="" />
        <Field FieldID="Exchange_Rate_Basis" FieldName="" />
        <Field FieldID="Commodity_Base" FieldName="" />
        <Field FieldID="Commodity_Details" FieldName="" />
        <Field FieldID="Delivery_Point_Or_Zone" FieldName="" />
        <Field FieldID="Interconnection_Point" FieldName="" />
        <Field FieldID="Load_Type" FieldName="" />
        <Field FieldID="Delivery_Start_Date_Time" FieldName="" />
        <Field FieldID="Delivery_End_Date_Time" FieldName="" />
        <Field FieldID="Contract_Capacity" FieldName="" />
        <Field FieldID="Quantity_Unit" FieldName="" />
        <Field FieldID="Price_Time_Interval_Quantities" FieldName="" />
        <Field FieldID="Option_Type" FieldName="" />
        <Field FieldID="Option_Style_Exercise" FieldName="" />
        <Field FieldID="Strike_Price_CapFloorRate" FieldName="" />
        <Field FieldID="Action_Type" FieldName="" />
        <Field FieldID="Details_Of_Action_Type" FieldName="" />
        <Field FieldID="Reporting_Timestamp" FieldName="" />
        <Field FieldID="Country_Of_Other_Counterparty" FieldName="" />
        <Field FieldID="Product_Classification_Type" FieldName="" />
        <Field FieldID="Product_Classification" FieldName="" />
        <Field FieldID="Price_Notation_Type" FieldName="" />
        <Field FieldID="Level" FieldName="" />
      </Fields>
    </Csv>
    <Variables />
    <Mappings Name="Mappings 1">
      <Mapping OutputFieldName="Report Type"><![CDATA[Current ["Report_Type"]]]></Mapping>
      <Mapping OutputFieldName="Reporting Counterparty ID"><![CDATA[Current ["Counterparty_ID"]]]></Mapping>
      <Mapping OutputFieldName="Type of ID of the other Counterparty"><![CDATA["C"]]></Mapping>
      <Mapping OutputFieldName="ID of the other counterparty "><![CDATA[Current ["Other_Counterparty_ID"]]]></Mapping>
      <Mapping OutputFieldName=" Country of the other counterparty"><![CDATA[Current ["Country_Of_Other_Counterparty"]]]></Mapping>
      <Mapping OutputFieldName="Corporate sector of the reporting counterparty"><![CDATA["F"]]></Mapping>
      <Mapping OutputFieldName="Nature of the reporting counterparty"><![CDATA["F"]]></Mapping>
      <Mapping OutputFieldName="Broker ID"><![CDATA[Current ["Broker_ID"]]]></Mapping>
      <Mapping OutputFieldName="Clearing member ID"><![CDATA[Current ["Clearing_Member_ID"]]]></Mapping>
      <Mapping OutputFieldName="Type of ID of the Beneficiary"><![CDATA[Current ["Beneficiary_ID_Type"]]]></Mapping>
      <Mapping OutputFieldName="Beneficiary ID"><![CDATA[Current ["Beneficiary_ID"]]]></Mapping>
      <Mapping OutputFieldName="Trading capacity"><![CDATA[Current ["Trading_Capacity"]]]></Mapping>
      <Mapping OutputFieldName="Counterparty Side"><![CDATA[Current ["Counterparty_Side"]]]></Mapping>
      <Mapping OutputFieldName="Directly linked to commercial activity or treasury financing"><![CDATA[Current ["Directly_Linked_To_Commercial_Activity"]]]></Mapping>
      <Mapping OutputFieldName="Clearing threshold"><![CDATA[""]]></Mapping>
      <Mapping OutputFieldName="Value of contract"><![CDATA[""]]></Mapping>
      <Mapping OutputFieldName="Currency of the value"><![CDATA[""]]></Mapping>
      <Mapping OutputFieldName="Valuation timestamp"><![CDATA[""]]></Mapping>
      <Mapping OutputFieldName="Valuation type"><![CDATA[""]]></Mapping>
      <Mapping OutputFieldName="Collateralisation"><![CDATA[Current ["Collateralisation"]]]></Mapping>
      <Mapping OutputFieldName="Collateral portfolio"><![CDATA[Current ["Collateral_Portfolio"]]]></Mapping>
      <Mapping OutputFieldName="Collateral portfolio code"><![CDATA[""]]></Mapping>
      <Mapping OutputFieldName="Initial margin posted"><![CDATA[""]]></Mapping>
      <Mapping OutputFieldName="Currency of initial margin posted"><![CDATA[""]]></Mapping>
      <Mapping OutputFieldName="Variation margin posted"><![CDATA[""]]></Mapping>
      <Mapping OutputFieldName="Currency of the variation margins posted"><![CDATA[""]]></Mapping>
      <Mapping OutputFieldName="Initial margin received"><![CDATA[""]]></Mapping>
      <Mapping OutputFieldName="Currency of the initial margin received"><![CDATA[""]]></Mapping>
      <Mapping OutputFieldName="Variation margin received"><![CDATA[""]]></Mapping>
      <Mapping OutputFieldName="Currency of the variation margins received"><![CDATA[""]]></Mapping>
      <Mapping OutputFieldName="Excess collateral posted"><![CDATA[""]]></Mapping>
      <Mapping OutputFieldName="Currency of the excess collateral posted"><![CDATA[""]]></Mapping>
      <Mapping OutputFieldName="Excess collateral received"><![CDATA[""]]></Mapping>
      <Mapping OutputFieldName="Currency of the excess collateral received"><![CDATA[""]]></Mapping>
      <Mapping OutputFieldName="Contract type"><![CDATA[Current ["Product_ID_2"]]]></Mapping>
      <Mapping OutputFieldName="Asset class"><![CDATA[Current ["Product_ID_1"]]]></Mapping>
      <Mapping OutputFieldName="Product classification type"><![CDATA["C"]]></Mapping>
      <Mapping OutputFieldName="Product classification"><![CDATA["JFRXCC"]]></Mapping>
      <Mapping OutputFieldName="Product identification type"><![CDATA[""]]></Mapping>
      <Mapping OutputFieldName="Product identification"><![CDATA[""]]></Mapping>
      <Mapping OutputFieldName="Underlying identification type"><![CDATA[If (Current ["Underlying_ID_Type"]=="I")
"X";
Else If
(Current ["Underlying_ID_Type"]=="ISIN")
"I";
else
"";;]]></Mapping>
      <Mapping OutputFieldName="Underlying identification"><![CDATA[Current ["Underlying"]]]></Mapping>
      <Mapping OutputFieldName="Notional currency 1"><![CDATA[Current ["Notional_Currency_1"]]]></Mapping>
      <Mapping OutputFieldName="Notional currency 2"><![CDATA[Current ["Notional_Currency_2"]]]></Mapping>
      <Mapping OutputFieldName="Deliverable currency"><![CDATA[Current ["Deliverable_Currency"]]]></Mapping>
      <Mapping OutputFieldName="Trade ID/Position ID"><![CDATA[Current ["Trade_ID"]]]></Mapping>
      <Mapping OutputFieldName="Report tracking number"><![CDATA[Current ["Message_ID"]]]></Mapping>
      <Mapping OutputFieldName="Complex trade component ID"><![CDATA[Current ["Record_ID"]]]></Mapping>
      <Mapping OutputFieldName="Venue of execution"><![CDATA[Current ["Venue_Of_Execution"]]]></Mapping>
      <Mapping OutputFieldName="Compression"><![CDATA["Y"]]></Mapping>
      <Mapping OutputFieldName="Price / rate"><![CDATA[Current ["Price_Rate"]]]></Mapping>
      <Mapping OutputFieldName="Price notation"><![CDATA[Current ["Price_Notation_Type"]]]></Mapping>
      <Mapping OutputFieldName="Currency of price"><![CDATA[Current ["Price_Notation"]]]></Mapping>
      <Mapping OutputFieldName="Notional"><![CDATA[Current ["Notional_Amount"]]]></Mapping>
      <Mapping OutputFieldName="Price multiplier"><![CDATA[Current ["Price_Multiplier"]]]></Mapping>
      <Mapping OutputFieldName="Quantity"><![CDATA[Current ["Quantity"]]]></Mapping>
      <Mapping OutputFieldName="Up-front payment"><![CDATA[Current ["Upfront_Payment"]]]></Mapping>
      <Mapping OutputFieldName="Delivery type"><![CDATA[Current ["Delivery_Type"]]]></Mapping>
      <Mapping OutputFieldName="Execution timestamp"><![CDATA[Current ["Execution_Date"]+ "T" + Current ["Execution_Time"]]]></Mapping>
      <Mapping OutputFieldName="Effective date"><![CDATA[Current ["Effective_Date"]]]></Mapping>
      <Mapping OutputFieldName="Maturity date"><![CDATA[Current ["Maturity_Date"]]]></Mapping>
      <Mapping OutputFieldName="Termination date"><![CDATA[Current ["Termination_Date"]]]></Mapping>
      <Mapping OutputFieldName="Date of Settlement"><![CDATA[Current ["Termination_Date"]]]></Mapping>
      <Mapping OutputFieldName="Master Agreement type"><![CDATA[Current ["Master_Agreement_Type"]]]></Mapping>
      <Mapping OutputFieldName="Master Agreement version"><![CDATA[Current ["Master_Agreement_Version"]]]></Mapping>
      <Mapping OutputFieldName="Confirmation timestamp"><![CDATA[Current ["Confirmation_Date"] + "T" + Current ["Confirmation_Time"]]]></Mapping>
      <Mapping OutputFieldName="Confirmation means"><![CDATA[Current ["Confirmation_Means"]]]></Mapping>
      <Mapping OutputFieldName="Clearing obligation"><![CDATA[Current ["Clearing_Obligation"]]]></Mapping>
      <Mapping OutputFieldName="Cleared"><![CDATA[Current ["Cleared"]]]></Mapping>
      <Mapping OutputFieldName="Clearing timestamp"><![CDATA[Current ["Clearing_Date"]+ Current ["Clearing_Time"]]]></Mapping>
      <Mapping OutputFieldName="CCP"><![CDATA[Current ["CCP"]]]></Mapping>
      <Mapping OutputFieldName="Intragroup"><![CDATA[Current ["Intragroup"]]]></Mapping>
      <Mapping OutputFieldName="Fixed rate of leg 1"><![CDATA[""]]></Mapping>
      <Mapping OutputFieldName="Fixed rate of leg 2"><![CDATA[""]]></Mapping>
      <Mapping OutputFieldName="Fixed rate day count leg 1"><![CDATA[""]]></Mapping>
      <Mapping OutputFieldName="Fixed rate day count leg 2"><![CDATA[""]]></Mapping>
      <Mapping OutputFieldName="Fixed rate payment- frequency leg 1- time period"><![CDATA[""]]></Mapping>
      <Mapping OutputFieldName="Fixed rate payment- frequency leg 1- multiplier"><![CDATA[""]]></Mapping>
      <Mapping OutputFieldName="Fixed rate payment- frequency leg 2- time period"><![CDATA[""]]></Mapping>
      <Mapping OutputFieldName="Fixed rate payment- frequency leg 2- multiplier"><![CDATA[""]]></Mapping>
      <Mapping OutputFieldName="Floating rate payment frequency leg 1- time period"><![CDATA[""]]></Mapping>
      <Mapping OutputFieldName="Floating rate payment frequency leg 1- multiplier"><![CDATA[""]]></Mapping>
      <Mapping OutputFieldName="Floating rate payment frequency leg 2- time period"><![CDATA[""]]></Mapping>
      <Mapping OutputFieldName="Floating rate payment frequency leg 2- multiplier"><![CDATA[""]]></Mapping>
      <Mapping OutputFieldName="Floating rate reset frequency leg 1- time period"><![CDATA[""]]></Mapping>
      <Mapping OutputFieldName="Floating Rate Reset Frequency leg 1- multiplier"><![CDATA[""]]></Mapping>
      <Mapping OutputFieldName="Floating rate reset frequency leg 2- time period"><![CDATA[""]]></Mapping>
      <Mapping OutputFieldName="Floating Rate Reset Frequency leg 2- multiplier"><![CDATA[""]]></Mapping>
      <Mapping OutputFieldName="Floating rate of leg 1"><![CDATA[""]]></Mapping>
      <Mapping OutputFieldName="Floating rate reference period leg 1- time period"><![CDATA[""]]></Mapping>
      <Mapping OutputFieldName="Floating rate reference period leg 1- multiplier"><![CDATA[""]]></Mapping>
      <Mapping OutputFieldName="Floating rate of leg 2"><![CDATA[""]]></Mapping>
      <Mapping OutputFieldName="Floating rate reference period leg 2- time period"><![CDATA[""]]></Mapping>
      <Mapping OutputFieldName="Floating rate reference period leg 2- multiplier"><![CDATA[""]]></Mapping>
      <Mapping OutputFieldName="Delivery currency 2"><![CDATA[Current ["Currency_2"]]]></Mapping>
      <Mapping OutputFieldName="Exchange rate 1"><![CDATA[Current ["Exchange_Rate1"]]]></Mapping>
      <Mapping OutputFieldName="Forward exchange rate"><![CDATA[Current ["Forward_Exchange_Rate"]]]></Mapping>
      <Mapping OutputFieldName="Exchange rate basis"><![CDATA[Current ["Exchange_Rate_Basis"]]]></Mapping>
      <Mapping OutputFieldName="Commodity base"><![CDATA[Current ["Commodity_Base"]]]></Mapping>
      <Mapping OutputFieldName="Commodity Details"><![CDATA[Current ["Commodity_Details"]]]></Mapping>
      <Mapping OutputFieldName="Delivery point or zone"><![CDATA[If (Current ["Commodity_Details"]=="NG")
"XXXXXXXXXXXXXXXX";
Else if
(Current ["Commodity_Details"]=="EL")
"XXXXXXXXXXXXXXXX";
else
"";;]]></Mapping>
      <Mapping OutputFieldName="Interconnection Point"><![CDATA[If (Current ["Commodity_Details"]=="NG")
"XXXXXXXXXXXXXXXX";
Else if
(Current ["Commodity_Details"]=="EL")
"XXXXXXXXXXXXXXXX";
else
"";;]]></Mapping>
      <Mapping OutputFieldName="Load type"><![CDATA[""]]></Mapping>
      <Mapping OutputFieldName="Load delivery intervals"><![CDATA[""]]></Mapping>
      <Mapping OutputFieldName="Delivery start date and time"><![CDATA[""]]></Mapping>
      <Mapping OutputFieldName="Delivery end date and time"><![CDATA[""]]></Mapping>
      <Mapping OutputFieldName="Duration "><![CDATA[""]]></Mapping>
      <Mapping OutputFieldName="Days of the week"><![CDATA[""]]></Mapping>
      <Mapping OutputFieldName="Delivery Capacity"><![CDATA[""]]></Mapping>
      <Mapping OutputFieldName="Quantity Unit"><![CDATA[""]]></Mapping>
      <Mapping OutputFieldName="Price/time interval quantities"><![CDATA[""]]></Mapping>
      <Mapping OutputFieldName="Option type"><![CDATA[""]]></Mapping>
      <Mapping OutputFieldName="Option style (exercise)"><![CDATA[""]]></Mapping>
      <Mapping OutputFieldName="Strike price (cap/floor rate)"><![CDATA[""]]></Mapping>
      <Mapping OutputFieldName="Strike price notation"><![CDATA[""]]></Mapping>
      <Mapping OutputFieldName="Maturity date of the underlying"><![CDATA[""]]></Mapping>
      <Mapping OutputFieldName="Seniority"><![CDATA[""]]></Mapping>
      <Mapping OutputFieldName="Reference entity"><![CDATA[""]]></Mapping>
      <Mapping OutputFieldName="Frequency of payment"><![CDATA[""]]></Mapping>
      <Mapping OutputFieldName="The calculation basis"><![CDATA[""]]></Mapping>
      <Mapping OutputFieldName="Series"><![CDATA[""]]></Mapping>
      <Mapping OutputFieldName="Version"><![CDATA[""]]></Mapping>
      <Mapping OutputFieldName="Index factor"><![CDATA[""]]></Mapping>
      <Mapping OutputFieldName="Tranche"><![CDATA[""]]></Mapping>
      <Mapping OutputFieldName="Attachment point"><![CDATA[""]]></Mapping>
      <Mapping OutputFieldName="Detachment point"><![CDATA[""]]></Mapping>
      <Mapping OutputFieldName="Action type"><![CDATA["N"]]></Mapping>
      <Mapping OutputFieldName="Level"><![CDATA["T"]]></Mapping>
      <Mapping OutputFieldName="Transaction Type"><![CDATA[""]]></Mapping>
      <Mapping OutputFieldName="Lifecycle event"><![CDATA[""]]></Mapping>
    </Mappings>
  </InputFile>
  <OutputFile>
    <Csv FileName="Output" HasHeaderRecord="true" ValidateColumnNames="false" Delimiter=",">
      <Pattern>
        <RegexFirst Pattern="In/.*.csv" Replacement="Out/OneZero_EMIR2='yyyyMMdd_HHmmss'_0001.csv" />
      </Pattern>
      <Fields>
        <Field FieldID="Report Type" FieldName="Abide_1" />
        <Field FieldID="Reporting Counterparty ID" FieldName="CPTY_2" />
        <Field FieldID="Type of ID of the other Counterparty" FieldName="CPTY_3" />
        <Field FieldID="ID of the other counterparty " FieldName="CPTY_4" />
        <Field FieldID=" Country of the other counterparty" FieldName="CPTY_5" />
        <Field FieldID="Corporate sector of the reporting counterparty" FieldName="CPTY_6" />
        <Field FieldID="Nature of the reporting counterparty" FieldName="CPTY_7" />
        <Field FieldID="Broker ID" FieldName="CPTY_8" />
        <Field FieldID="Clearing member ID" FieldName="CPTY_10" />
        <Field FieldID="Type of ID of the Beneficiary" FieldName="CPTY_11" />
        <Field FieldID="Beneficiary ID" FieldName="CPTY_12" />
        <Field FieldID="Trading capacity" FieldName="CPTY_13" />
        <Field FieldID="Counterparty Side" FieldName="CPTY_14" />
        <Field FieldID="Directly linked to commercial activity or treasury financing" FieldName="CPTY_15" />
        <Field FieldID="Clearing threshold" FieldName="CPTY_16" />
        <Field FieldID="Value of contract" FieldName="CPTY_17" />
        <Field FieldID="Currency of the value" FieldName="CPTY_18" />
        <Field FieldID="Valuation timestamp" FieldName="CPTY_19" />
        <Field FieldID="Valuation type" FieldName="CPTY_20" />
        <Field FieldID="Collateralisation" FieldName="CPTY_21" />
        <Field FieldID="Collateral portfolio" FieldName="CPTY_22" />
        <Field FieldID="Collateral portfolio code" FieldName="CPTY_23" />
        <Field FieldID="Initial margin posted" FieldName="CPTY_24" />
        <Field FieldID="Currency of initial margin posted" FieldName="CPTY_25" />
        <Field FieldID="Variation margin posted" FieldName="CPTY_26" />
        <Field FieldID="Currency of the variation margins posted" FieldName="CPTY_27" />
        <Field FieldID="Initial margin received" FieldName="CPTY_28" />
        <Field FieldID="Currency of the initial margin received" FieldName="CPTY_29" />
        <Field FieldID="Variation margin received" FieldName="CPTY_30" />
        <Field FieldID="Currency of the variation margins received" FieldName="CPTY_31" />
        <Field FieldID="Excess collateral posted" FieldName="CPTY_32" />
        <Field FieldID="Currency of the excess collateral posted" FieldName="CPTY_33" />
        <Field FieldID="Excess collateral received" FieldName="CPTY_34" />
        <Field FieldID="Currency of the excess collateral received" FieldName="CPTY_35" />
        <Field FieldID="Contract type" FieldName="COMMON_1" />
        <Field FieldID="Asset class" FieldName="COMMON_2" />
        <Field FieldID="Product classification type" FieldName="COMMON_3" />
        <Field FieldID="Product classification" FieldName="COMMON_4" />
        <Field FieldID="Product identification type" FieldName="COMMON_5" />
        <Field FieldID="Product identification" FieldName="COMMON_6" />
        <Field FieldID="Underlying identification type" FieldName="COMMON_7" />
        <Field FieldID="Underlying identification" FieldName="COMMON_8" />
        <Field FieldID="Notional currency 1" FieldName="COMMON_9" />
        <Field FieldID="Notional currency 2" FieldName="COMMON_10" />
        <Field FieldID="Deliverable currency" FieldName="COMMON_11" />
        <Field FieldID="Trade ID/Position ID" FieldName="COMMON_12" />
        <Field FieldID="Report tracking number" FieldName="COMMON_13" />
        <Field FieldID="Complex trade component ID" FieldName="COMMON_14" />
        <Field FieldID="Venue of execution" FieldName="COMMON_15" />
        <Field FieldID="Compression" FieldName="COMMON_16" />
        <Field FieldID="Price / rate" FieldName="COMMON_17" />
        <Field FieldID="Price notation" FieldName="COMMON_18" />
        <Field FieldID="Currency of price" FieldName="COMMON_19" />
        <Field FieldID="Notional" FieldName="COMMON_20" />
        <Field FieldID="Price multiplier" FieldName="COMMON_21" />
        <Field FieldID="Quantity" FieldName="COMMON_22" />
        <Field FieldID="Up-front payment" FieldName="COMMON_23" />
        <Field FieldID="Delivery type" FieldName="COMMON_24" />
        <Field FieldID="Execution timestamp" FieldName="COMMON_25" />
        <Field FieldID="Effective date" FieldName="COMMON_26" />
        <Field FieldID="Maturity date" FieldName="COMMON_27" />
        <Field FieldID="Termination date" FieldName="COMMON_28" />
        <Field FieldID="Date of Settlement" FieldName="COMMON_29" />
        <Field FieldID="Master Agreement type" FieldName="COMMON_30" />
        <Field FieldID="Master Agreement version" FieldName="COMMON_31" />
        <Field FieldID="Confirmation timestamp" FieldName="COMMON_32" />
        <Field FieldID="Confirmation means" FieldName="COMMON_33" />
        <Field FieldID="Clearing obligation" FieldName="COMMON_34" />
        <Field FieldID="Cleared" FieldName="COMMON_35" />
        <Field FieldID="Clearing timestamp" FieldName="COMMON_36" />
        <Field FieldID="CCP" FieldName="COMMON_37" />
        <Field FieldID="Intragroup" FieldName="COMMON_38" />
        <Field FieldID="Fixed rate of leg 1" FieldName="COMMON_39" />
        <Field FieldID="Fixed rate of leg 2" FieldName="COMMON_40" />
        <Field FieldID="Fixed rate day count leg 1" FieldName="COMMON_41" />
        <Field FieldID="Fixed rate day count leg 2" FieldName="COMMON_42" />
        <Field FieldID="Fixed rate payment- frequency leg 1- time period" FieldName="COMMON_43" />
        <Field FieldID="Fixed rate payment- frequency leg 1- multiplier" FieldName="COMMON_44" />
        <Field FieldID="Fixed rate payment- frequency leg 2- time period" FieldName="COMMON_45" />
        <Field FieldID="Fixed rate payment- frequency leg 2- multiplier" FieldName="COMMON_46" />
        <Field FieldID="Floating rate payment frequency leg 1- time period" FieldName="COMMON_47" />
        <Field FieldID="Floating rate payment frequency leg 1- multiplier" FieldName="COMMON_48" />
        <Field FieldID="Floating rate payment frequency leg 2- time period" FieldName="COMMON_49" />
        <Field FieldID="Floating rate payment frequency leg 2- multiplier" FieldName="COMMON_50" />
        <Field FieldID="Floating rate reset frequency leg 1- time period" FieldName="COMMON_51" />
        <Field FieldID="Floating Rate Reset Frequency leg 1- multiplier" FieldName="COMMON_52" />
        <Field FieldID="Floating rate reset frequency leg 2- time period" FieldName="COMMON_53" />
        <Field FieldID="Floating Rate Reset Frequency leg 2- multiplier" FieldName="COMMON_54" />
        <Field FieldID="Floating rate of leg 1" FieldName="COMMON_55" />
        <Field FieldID="Floating rate reference period leg 1- time period" FieldName="COMMON_56" />
        <Field FieldID="Floating rate reference period leg 1- multiplier" FieldName="COMMON_57" />
        <Field FieldID="Floating rate of leg 2" FieldName="COMMON_58" />
        <Field FieldID="Floating rate reference period leg 2- time period" FieldName="COMMON_59" />
        <Field FieldID="Floating rate reference period leg 2- multiplier" FieldName="COMMON_60" />
        <Field FieldID="Delivery currency 2" FieldName="COMMON_61" />
        <Field FieldID="Exchange rate 1" FieldName="COMMON_62" />
        <Field FieldID="Forward exchange rate" FieldName="COMMON_63" />
        <Field FieldID="Exchange rate basis" FieldName="COMMON_64" />
        <Field FieldID="Commodity base" FieldName="COMMON_65" />
        <Field FieldID="Commodity Details" FieldName="COMMON_66" />
        <Field FieldID="Delivery point or zone" FieldName="COMMON_67" />
        <Field FieldID="Interconnection Point" FieldName="COMMON_68" />
        <Field FieldID="Load type" FieldName="COMMON_69" />
        <Field FieldID="Load delivery intervals" FieldName="COMMON_70" />
        <Field FieldID="Delivery start date and time" FieldName="COMMON_71" />
        <Field FieldID="Delivery end date and time" FieldName="COMMON_72" />
        <Field FieldID="Duration " FieldName="COMMON_73" />
        <Field FieldID="Days of the week" FieldName="COMMON_74" />
        <Field FieldID="Delivery Capacity" FieldName="COMMON_75" />
        <Field FieldID="Quantity Unit" FieldName="COMMON_76" />
        <Field FieldID="Price/time interval quantities" FieldName="COMMON_77" />
        <Field FieldID="Option type" FieldName="COMMON_78" />
        <Field FieldID="Option style (exercise)" FieldName="COMMON_79" />
        <Field FieldID="Strike price (cap/floor rate)" FieldName="COMMON_80" />
        <Field FieldID="Strike price notation" FieldName="COMMON_81" />
        <Field FieldID="Maturity date of the underlying" FieldName="COMMON_82" />
        <Field FieldID="Seniority" FieldName="COMMON_83" />
        <Field FieldID="Reference entity" FieldName="COMMON_84" />
        <Field FieldID="Frequency of payment" FieldName="COMMON_85" />
        <Field FieldID="The calculation basis" FieldName="COMMON_86" />
        <Field FieldID="Series" FieldName="COMMON_87" />
        <Field FieldID="Version" FieldName="COMMON_88" />
        <Field FieldID="Index factor" FieldName="COMMON_89" />
        <Field FieldID="Tranche" FieldName="COMMON_90" />
        <Field FieldID="Attachment point" FieldName="COMMON_91" />
        <Field FieldID="Detachment point" FieldName="COMMON_92" />
        <Field FieldID="Action type" FieldName="COMMON_93" />
        <Field FieldID="Level" FieldName="COMMON_94" />
        <Field FieldID="Transaction Type" FieldName="Abide_2" />
        <Field FieldID="Lifecycle event" FieldName="Abide_3" />
      </Fields>
    </Csv>
  </OutputFile>
</Model>